Workbook

Sheet Usuarios de prueba
A1: PreVet · Usuarios para probar las vistas
A2: Completa tú la columna amarilla. Este archivo NO se sube a GitHub ni se comparte: tiene contraseñas.
A4: Usuario (para entrar) | B4: Nombre | C4: Tipo de usuario | D4: Grupo de permisos | E4: Qué ve al entrar | F4: Contraseña (la escribes tú)
A5: katalina | B5: Katalina Mora | C5: Superusuario | D5: — (tiene todo) | E5: Todo el sistema y el panel /admin/ completo. | F5: (se entrega aparte)
A6: prueba.admin | B6: Prueba Administración | C6: Administrador | D6: Administración | E6: Todo PreVet: inicio, calendario, citas, agendar, mascotas, horas en riesgo, indicadores, personal, grupos de permisos y el panel /admin/. | F6: (se entrega aparte)
A7: prueba.recepcion | B7: Prueba Recepción | C7: Recepcionista | D7: Recepción | E7: Inicio, calendario, citas, agendar hora, registrar clientes y mascotas, mascotas y horas en riesgo. No ve indicadores ni administración. | F7: (se entrega aparte)
A8: prueba.veterinario | B8: Prueba Veterinaria | C8: Veterinario | D8: Veterinarios | E8: Inicio, calendario (parte con sus citas), citas y mascotas. Puede marcar llegó/atendida/no asistió. No agenda, no ve riesgo ni indicadores. | F8: (se entrega aparte)
A9: 15.234.871-1 | B9: Javiera Pérez | C9: Cliente (tutora) | D9: — (portal Mi PreVet) | E9: Solo «Mi PreVet»: sus mascotas, sus citas y sus datos. No ve pantallas de la clínica. | F9: (se entrega aparte)
A11: Cómo cambiar una contraseña
A12: Con tu cuenta katalina: menú Administración → Personal → Editar → "Nueva contraseña" y "Repite la contraseña" → Guardar cambios. Mínimo 8 caracteres, no muy común y que no se parezca al usuario.
A14: Datos de prueba del sistema (no inician sesión): 5 veterinarios de demo (paz.herrera, luis.contreras, carolina.fuentes, sebastian.rios, antonia.lagos) y 10 clientes con RUT. Las 10 cuentas antiguas de "Dueño de mascota" ya no se usan.

Sheet Funcionalidades
A1: PreVet · Qué hace el sistema, en qué estado está y quién lo usa
A2: ✓ = puede usarlo · — = no tiene acceso · El superusuario (katalina) puede usar todo.
A4: Módulo | B4: Funcionalidad | C4: Qué hace | D4: Estado | E4: Administración | F4: Recepción | G4: Veterinario | H4: Cliente | I4: Dónde está | J4: Commit
A5: Acceso | B5: Inicio de sesión | C5: Entrar con usuario y contraseña. Diseño propio: fondo violeta, tarjeta de vidrio, huellas que flotan y camino de pisadas animado. | D5: Agregado 14-10 | E5: ✓ | F5: ✓ | G5: ✓ | H5: — | I5: /login/ | J5: 8bb6c75
A6: Acceso | B6: Permisos por grupo en todas las pantallas | C6: Cada persona entra solo a lo que su grupo permite. El menú muestra solo eso y, si entra a otra dirección, ve "Esta sección no está disponible". | D6: Agregado 15-10 | E6: ✓ | F6: ✓ | G6: ✓ | H6: — | I6: Todo el sistema | J6: d069692
A7: Diseño | B7: Estilo del login en todo el sistema | C7: Paleta violeta, tarjetas de vidrio y esquinas redondeadas en todas las pantallas y en /admin/. | D7: Agregado 15-10 | E7: ✓ | F7: ✓ | G7: ✓ | H7: — | I7: Todo el sistema | J7: a9e74ae
A8: Diseño | B8: Modo día y noche | C8: Botón 🌙/☀️ arriba a la derecha. Noche = igual al login (por defecto). Se recuerda lo que elige cada persona. | D8: Agregado 15-10 | E8: ✓ | F8: ✓ | G8: ✓ | H8: — | I8: Barra superior | J8: 759a1e1
A9: Diseño | B9: Estilos separados en static/ | C9: El diseño (CSS), los scripts (JS) y las imágenes viven en sistema/static/, separados del HTML. | D9: Agregado 14-10 | E9: — | F9: — | G9: — | H9: — | I9: sistema/static/ | J9: 31f07fb
A10: Tablero | B10: Inicio con indicadores | C10: Citas ocurridas, inasistencias, tasa (17,3 %), plata perdida ($1.061.000), faltas por día y próximas citas. | D10: Existía (antes del 10-10) | E10: ✓ | F10: ✓ | G10: ✓ | H10: — | I10: / | J10: —
A11: Agenda | B11: Calendario día / semana / mes | C11: Citas en colores según estado, filtro por profesional y marca de riesgo alto. Cada veterinario parte viendo sus citas. | D11: Agregado 15-10 | E11: ✓ | F11: ✓ | G11: ✓ | H11: — | I11: /citas/calendario/ | J11: b69d88d
A12: Agenda | B12: Panel de detalle de la cita | C12: Al hacer clic: mascota, cliente, RUT, teléfono, motivo, nivel de riesgo y por qué. | D12: Agregado 15-10 | E12: ✓ | F12: ✓ | G12: ✓ | H12: — | I12: Calendario | J12: b69d88d
A13: Agenda | B13: Llegó / Atendida / No asistió | C13: Registrar la hora real de llegada, cerrar la atención o marcar la inasistencia (solo citas de hoy o pasadas). | D13: Agregado 15-10 | E13: ✓ | F13: ✓ | G13: ✓ | H13: — | I13: Calendario | J13: b69d88d
A14: Agenda | B14: Reagendar | C14: Cambiar profesional, fecha u hora, revisando el horario del profesional y que la hora esté libre. | D14: Agregado 15-10 | E14: ✓ | F14: ✓ | G14: ✓ | H14: — | I14: Calendario | J14: b69d88d
A15: Agenda | B15: Cancelar con motivo | C15: La cita no se borra: queda cancelada con motivo, quién y cuándo, y la hora se libera. | D15: Agregado 15-10 | E15: ✓ | F15: ✓ | G15: ✓ | H15: — | I15: Calendario | J15: b69d88d
... A31: Técnico | B31: Datos de prueba (cargar_demo) | C31: 255 citas, 15 mascotas, 10 clientes con RUT, 5 veterinarios. Mantiene los números del informe. | D31: Agregado 14-10 | E31: — | F31: — | G31: — | H31: — | I31: python manage.py cargar_demo | J31: 1e095b1
A32: Ficha clínica | B32: Atender: notas de la consulta | C32: Diagnóstico, indicaciones y peso al cerrar la atención. | D32: En construcción | E32: ✓ | F32: — | G32: ✓ | H32: — | I32: Etapa 2
A33: Ficha clínica | B33: Subir receta / documentos | C33: Foto, PDF o Word de la receta o indicaciones, guardados en Supabase Storage. | D33: En construcción | E33: ✓ | F33: — | G33: ✓ | H33: — | I33: Etapa 2
A34: Ficha clínica | B34: Carné de vacunas | C34: Vacunas aplicadas y fecha de la próxima dosis. | D34: Pendiente | E34: ✓ | F34: ✓ | G34: ✓ | H34: — | I34: Etapa 2
A35: Ficha clínica | B35: Microchip (Ley Cholito) | C35: Número de chip y si está inscrita en el Registro Nacional. | D35: Pendiente | E35: ✓ | F35: ✓ | G35: ✓ | H35: — | I35: Etapa 2
A36: Cliente | B36: Enlace seguro del cliente | C36: Enlace único por WhatsApp para ver consultas, documentos y carné de vacunas, sin crear cuenta. | D36: Pendiente | E36: — | F36: — | G36: — | H36: ✓ | I36: Etapa 3
A37: Cliente | B37: Confirmar o avisar que no va | C37: Botones "Confirmo" / "No puedo ir" en el enlace; la respuesta alimenta el modelo de riesgo. | D37: Pendiente | E37: — | F37: — | G37: — | H37: ✓ | I37: Etapa 3
A38: Recepción | B38: Lista de llamadas con WhatsApp | C38: Horas en riesgo de mañana con botón que abre WhatsApp con el mensaje listo. | D38: Pendiente | E38: ✓ | F38: ✓ | G38: — | H38: — | I38: Etapa 4
A39: Recepción | B39: Resultado de cada llamada | C39: Confirmó / Reagendó / No contesta / Canceló, para medir si actuar reduce las faltas. | D39: Pendiente | E39: ✓ | F39: ✓ | G39: — | H39: — | I39: Etapa 4
A40: Recepción | B40: Lista de espera | C40: Clientes que quieren una hora antes; al cancelarse una, se sugiere a quién llamar. | D40: Pendiente | E40: ✓ | F40: ✓ | G40: — | H40: — | I40: Etapa 4
A41: Recepción | B41: Ficha del cliente | C41: Sus mascotas, historial de asistencia, teléfono y botón de WhatsApp. | D41: Pendiente | E41: ✓ | F41: ✓ | G41: ✓ | H41: — | I41: Etapa 4
A42: Administración | B42: ¿Acierta el modelo? | C42: Compara el riesgo predicho con lo que pasó. Es la validación del objetivo 5. | D42: Pendiente | E42: ✓ | F42: — | G42: — | H42: — | I42: Etapa 5
A43: Administración | B43: Plata recuperada | C43: Horas en riesgo que se confirmaron o reasignaron, en pesos. | D43: Pendiente | E43: ✓ | F43: — | G43: — | H43: — | I43: Etapa 5
... A49: Pública | B49: Adopciones | C49: Fichas de animales rescatados con fotos y estado. | D49: Pendiente | E49: ✓ | F49: ✓ | G49: — | H49: ✓ | I49: Etapa 6 (ampliación)

Sheet Plan por etapas
A1: PreVet · Plan de las 6 etapas
A2: Un commit por etapa. La etapa 6 queda fuera del alcance del 1.5: declararla como ampliación.
A4: Etapa | B4: Qué incluye | C4: Estado | D4: Funcionalidades en la hoja | E4: Listas
A5: 1 | B5: Calendario día/semana/mes, detalle de la cita, llegó, atendida, no asistió, reagendar y cancelar con motivo. | C5: Lista | D5: 5 | E5: 5
A6: 2 | B6: Ficha clínica: notas de la atención, documentos en Supabase Storage, carné de vacunas y microchip. | C6: En construcción | D6: =COUNTIF(Funcionalidades!$I$5:$I$49,"Etapa 2") | E6: 0
A7: 3 | B7: Enlace seguro del cliente: confirmar o avisar que no va, ver consultas, documentos y carné. | C7: Pendiente | D7: =COUNTIF(Funcionalidades!$I$5:$I$49,"Etapa 3") | E7: 0
A8: 4 | B8: Recepción: lista de llamadas con WhatsApp y su resultado, lista de espera y ficha del cliente. | C8: Pendiente | D8: =COUNTIF(Funcionalidades!$I$5:$I$49,"Etapa 4") | E8: 0
A9: 5 | B9: Administración: ¿acierta el modelo?, plata recuperada, mapa de calor, exportar a Excel y registro de cambios. | C9: Pendiente | D9: =COUNTIF(Funcionalidades!$I$5:$I$49,"Etapa 5") | E9: 0
A10: 6 | B10: Página pública "link en la bio", operativos con cupos y adopciones. | C10: Pendiente | D10: =COUNTIF(Funcionalidades!$I$5:$I$49,"Etapa 6 (ampliación)") | E10: 0
A12: Avance | B12: Funcionalidades de las 6 etapas que ya están listas | C12: =SUM(E5:E10)/SUM(D5:D10)

Sheet Resumen
A1: PreVet · Resumen
A2: Se calcula solo a partir de la hoja Funcionalidades.
A4: Estado | B4: Cantidad
A5: Existía (antes del 10-10) | B5: =COUNTIF(Funcionalidades!$D$5:$D$49,"Existía (antes del 10-10)")
A6: Agregado 10-10 (Uciell) | B6: =COUNTIF(Funcionalidades!$D$5:$D$49,"Agregado 10-10 (Uciell)")
A7: Agregado 14-10 | B7: =COUNTIF(Funcionalidades!$D$5:$D$49,"Agregado 14-10")
A8: Agregado 15-10 | B8: =COUNTIF(Funcionalidades!$D$5:$D$49,"Agregado 15-10")
A9: En construcción | B9: =COUNTIF(Funcionalidades!$D$5:$D$49,"En construcción")
A10: Pendiente | B10: =COUNTIF(Funcionalidades!$D$5:$D$49,"Pendiente")
A11: Total | B11: =SUM(B5:B10)
A14: Tipo de usuario | B14: Funciones que ya puede usar | C14: Funciones pendientes para él
A15: Administración | B15: =COUNTIFS(Funcionalidades!$E$5:$E$49,"✓",Funcionalidades!$D$5:$D$49,"<>Pendiente",Funcionalidades!$D$5:$D$49,"<>En construcción") | C15: =COUNTIFS(Funcionalidades!$E$5:$E$49,"✓",Funcionalidades!$D$5:$D$49,"Pendiente")+COUNTIFS(Funcionalidades!$E$5:$E$49,"✓",Funcionalidades!$D$5:$D$49,"En construcción")
A16: Recepción | B16: =COUNTIFS(Funcionalidades!$F$5:$F$49,"✓",Funcionalidades!$D$5:$D$49,"<>Pendiente",Funcionalidades!$D$5:$D$49,"<>En construcción") | C16: =COUNTIFS(Funcionalidades!$F$5:$F$49,"✓",Funcionalidades!$D$5:$D$49,"Pendiente")+COUNTIFS(Funcionalidades!$F$5:$F$49,"✓",Funcionalidades!$D$5:$D$49,"En construcción")
A17: Veterinario | B17: =COUNTIFS(Funcionalidades!$G$5:$G$49,"✓",Funcionalidades!$D$5:$D$49,"<>Pendiente",Funcionalidades!$D$5:$D$49,"<>En construcción") | C17: =COUNTIFS(Funcionalidades!$G$5:$G$49,"✓",Funcionalidades!$D$5:$D$49,"Pendiente")+COUNTIFS(Funcionalidades!$G$5:$G$49,"✓",Funcionalidades!$D$5:$D$49,"En construcción")
A18: Cliente | B18: =COUNTIFS(Funcionalidades!$H$5:$H$49,"✓",Funcionalidades!$D$5:$D$49,"<>Pendiente",Funcionalidades!$D$5:$D$49,"<>En construcción") | C18: =COUNTIFS(Funcionalidades!$H$5:$H$49,"✓",Funcionalidades!$D$5:$D$49,"Pendiente")+COUNTIFS(Funcionalidades!$H$5:$H$49,"✓",Funcionalidades!$D$5:$D$49,"En construcción")
A20: El superusuario (katalina) puede usar todas las funciones listas.
